district_name,data_quality,updated_fields,missing_sources,population_2024,population_density_per_km2_2024,rent_eur_per_sqm_miet_check_2026,rent_source_name,crime_cases_2024_pks,crime_source_name,crime_rate_per_1000_residents,daycare_facilities_2025,primary_schools_2024_2025,private_car_density_per_1000_2025,living_space_per_resident_m2_2024,single_households_share_pct,households_with_children_share_pct,one_two_family_home_share_pct,rentPerSqm,safetyScore,quietnessScore,greenScore,publicTransportScore,schoolScore,kindergartenScore,nightlifeScore
Allermöhe,partially-sourced,population|populationDensity|safetyScore|quietnessScore|greenScore|publicTransportScore|schoolScore|kindergartenScore|nightlifeScore,Miet-Check rent row,1411,164,,,437,Allermöhe,309.709,1,0,541.0,46.5,41.1,17.9,81.6,13.2,9.1,9.9,9.0,2.1,1.0,5.9,2.5
Alsterdorf,sourced,population|populationDensity|safetyScore|quietnessScore|greenScore|publicTransportScore|schoolScore|kindergartenScore|nightlifeScore|rentPerSqm,,15644,4889,15.68,Alsterdorf,1254,Alsterdorf,80.159,11,0,345.0,42.7,54.5,17.7,14.9,15.68,9.8,7.8,6.4,5.1,1.0,5.7,4.3
Altengamme,sourced,population|populationDensity|safetyScore|quietnessScore|greenScore|publicTransportScore|schoolScore|kindergartenScore|nightlifeScore|rentPerSqm,,2332,150,12.47,Altengamme,49,Altengamme,21.012,1,1,549.0,49.3,37.6,24.2,73.0,12.47,10.0,10.0,9.0,2.0,3.9,3.3,1.8
Altenwerder,partially-sourced,rentPerSqm,Statistikamt Stadtteilprofile row,,,10.37,Altenwerder,73,Altenwerder,,,,,,,,,10.37,7.4,8.2,7.8,6,5.1,6.2,5.3
Altona-Altstadt,sourced,population|populationDensity|safetyScore|quietnessScore|greenScore|publicTransportScore|schoolScore|kindergartenScore|nightlifeScore|rentPerSqm,,29680,10993,18.33,Altona-Altstadt,4039,Altona-Altstadt,136.085,28,3,218.0,35.1,64.5,14.8,1.8,18.33,9.7,4.9,4.3,7.6,1.9,7.6,6.4
Altona-Nord,sourced,population|populationDensity|safetyScore|quietnessScore|greenScore|publicTransportScore|schoolScore|kindergartenScore|nightlifeScore|rentPerSqm,,26777,12171,17.78,Altona-Nord,4417,Altona-Nord,164.955,15,2,208.0,34.5,60.7,17.8,0.9,17.78,9.6,4.4,3.9,7.9,1.6,4.6,6.2
Bahrenfeld,sourced,population|populationDensity|safetyScore|quietnessScore|greenScore|publicTransportScore|schoolScore|kindergartenScore|nightlifeScore|rentPerSqm,,31051,2957,15.69,Bahrenfeld,3098,Bahrenfeld,99.771,25,3,273.0,33.8,60.4,16.8,15.8,15.69,9.8,8.7,6.3,5.6,1.8,5.9,4.3
Barmbek-Nord,sourced,population|populationDensity|safetyScore|quietnessScore|greenScore|publicTransportScore|schoolScore|kindergartenScore|nightlifeScore|rentPerSqm,,44062,11298,15.27,Barmbek-Nord,3549,Barmbek-Nord,80.546,15,2,251.0,36.9,70.2,11.0,1.3,15.27,9.8,4.8,4.3,7.3,1.6,4.2,7.1
Barmbek-Süd,sourced,population|populationDensity|safetyScore|quietnessScore|greenScore|publicTransportScore|schoolScore|kindergartenScore|nightlifeScore|rentPerSqm,,37091,11965,18.66,Barmbek-Süd,2621,Barmbek-Süd,70.664,27,3,263.0,37.0,68.9,10.7,0.9,18.66,9.8,4.5,4.1,7.2,2.0,7.9,7.2
Bergedorf,sourced,population|populationDensity|safetyScore|quietnessScore|greenScore|publicTransportScore|schoolScore|kindergartenScore|nightlifeScore|rentPerSqm,,37560,3612,12.33,Bergedorf,3368,Bergedorf,89.67,25,4,336.0,38.4,51.2,19.3,22.6,12.33,9.8,8.3,6.6,5.0,1.8,5.0,3.7
Bergstedt,sourced,population|populationDensity|safetyScore|quietnessScore|greenScore|publicTransportScore|schoolScore|kindergartenScore|nightlifeScore|rentPerSqm,,10822,1546,13.7,Bergstedt,314,Bergstedt,29.015,11,1,462.0,45.8,38.4,25.2,59.7,13.7,10.0,9.3,8.2,3.2,1.6,6.1,2.1
Billbrook,sourced,population|populationDensity|safetyScore|quietnessScore|greenScore|publicTransportScore|schoolScore|kindergartenScore|nightlifeScore|rentPerSqm,,1851,294,11.45,Billbrook,673,Billbrook,363.587,1,1,134.0,11.8,74.8,7.7,28.2,11.45,9.0,9.9,6.0,6.8,3.5,2.9,5.3
Billstedt,sourced,population|populationDensity|safetyScore|quietnessScore|greenScore|publicTransportScore|schoolScore|kindergartenScore|nightlifeScore|rentPerSqm,,73098,4325,11.51,Billstedt,6420,Billstedt,87.827,28,7,306.0,32.7,49.0,21.1,19.7,11.51,9.8,8.0,6.1,5.5,1.7,3.1,3.6
Billwerder,sourced,population|populationDensity|safetyScore|quietnessScore|greenScore|publicTransportScore|schoolScore|kindergartenScore|nightlifeScore|rentPerSqm,,4117,433,12.16,Billwerder,401,Billwerder,97.401,3,1,202.0,19.2,44.8,18.8,35.6,12.16,9.8,9.8,6.6,6.1,2.6,4.6,2.7
Blankenese,sourced,population|populationDensity|safetyScore|quietnessScore|greenScore|publicTransportScore|schoolScore|kindergartenScore|nightlifeScore|rentPerSqm,,13487,1752,15.6,Blankenese,703,Blankenese,52.124,8,1,489.0,61.3,46.3,19.9,46.4,15.6,9.9,9.2,8.7,3.0,1.6,4.6,3.0
Borgfelde,sourced,population|populationDensity|safetyScore|quietnessScore|greenScore|publicTransportScore|schoolScore|kindergartenScore|nightlifeScore|rentPerSqm,,8880,11100,13.99,Borgfelde,728,Borgfelde,81.982,3,0,186.0,28.2,68.2,10.0,0.8,13.99,9.8,4.9,3.8,8.0,1.0,3.6,7.0
Bramfeld,sourced,population|populationDensity|safetyScore|quietnessScore|greenScore|publicTransportScore|schoolScore|kindergartenScore|nightlifeScore|rentPerSqm,,53543,5301,13.13,Bramfeld,2877,Bramfeld,53.733,32,6,380.0,39.1,54.9,16.7,25.7,13.13,9.9,7.6,6.3,4.8,2.0,5.1,4.5
Cranz,sourced,population|populationDensity|safetyScore|quietnessScore|greenScore|publicTransportScore|schoolScore|kindergartenScore|nightlifeScore|rentPerSqm,,858,660,10.37,Cranz,26,Cranz,30.303,1,1,421.0,42.4,53.7,18.0,35.2,10.37,10.0,9.7,7.7,3.6,10.0,8.0,3.3
Curslack,sourced,population|populationDensity|safetyScore|quietnessScore|greenScore|publicTransportScore|schoolScore|kindergartenScore|nightlifeScore|rentPerSqm,,4269,403,12.44,Curslack,119,Curslack,27.875,1,1,464.0,40.1,38.3,21.4,60.3,12.44,10.0,9.8,8.2,3.0,2.6,2.2,2.1
Dulsberg,sourced,population|populationDensity|safetyScore|quietnessScore|greenScore|publicTransportScore|schoolScore|kindergartenScore|nightlifeScore|rentPerSqm,,17230,14358,12.71,Dulsberg,1333,Dulsberg,77.365,7,1,218.0,33.3,73.6,9.7,0.3,12.71,9.8,3.4,3.4,8.1,1.7,4.9,8.0
Duvenstedt,sourced,population|populationDensity|safetyScore|quietnessScore|greenScore|publicTransportScore|schoolScore|kindergartenScore|nightlifeScore|rentPerSqm,,5940,874,13.35,Duvenstedt,197,Duvenstedt,33.165,3,1,556.0,53.9,35.1,24.4,72.3,13.35,10.0,9.6,9.1,2.0,2.1,3.7,1.8
Eidelstedt,sourced,population|populationDensity|safetyScore|quietnessScore|greenScore|publicTransportScore|schoolScore|kindergartenScore|nightlifeScore|rentPerSqm,,36705,4219,13.95,Eidelstedt,2631,Eidelstedt,71.68,14,5,331.0,35.7,49.5,21.2,24.8,13.95,9.8,8.1,6.3,5.2,2.0,3.1,3.6
Eilbek,sourced,population|populationDensity|safetyScore|quietnessScore|greenScore|publicTransportScore|schoolScore|kindergartenScore|nightlifeScore|rentPerSqm,,22694,12608,17.39,Eilbek,1595,Eilbek,70.283,14,3,261.0,38.2,66.0,12.1,1.6,17.39,9.9,4.2,4.1,7.3,2.5,6.3,7.0
Eimsbüttel,sourced,population|populationDensity|safetyScore|quietnessScore|greenScore|publicTransportScore|schoolScore|kindergartenScore|nightlifeScore|rentPerSqm,,57798,18062,17.79,Eimsbüttel,4159,Eimsbüttel,71.958,61,7,246.0,38.9,68.2,12.4,1.1,17.79,9.8,1.7,2.8,8.4,2.3,10.0,8.3
Eißendorf,sourced,population|populationDensity|safetyScore|quietnessScore|greenScore|publicTransportScore|schoolScore|kindergartenScore|nightlifeScore|rentPerSqm,,25557,3079,11.44,Eißendorf,1155,Eißendorf,45.193,10,3,356.0,39.1,50.8,19.7,28.0,11.44,9.9,8.6,6.9,4.7,1.9,3.3,3.5
Eppendorf,sourced,population|populationDensity|safetyScore|quietnessScore|greenScore|publicTransportScore|schoolScore|kindergartenScore|nightlifeScore|rentPerSqm,,25234,9346,17.9,Eppendorf,2108,Eppendorf,83.538,13,3,299.0,45.1,62.4,13.4,2.9,17.9,9.8,5.7,5.2,6.4,2.2,5.1,6.0
Farmsen-Berne,sourced,population|populationDensity|safetyScore|quietnessScore|greenScore|publicTransportScore|schoolScore|kindergartenScore|nightlifeScore|rentPerSqm,,39266,4789,12.85,Farmsen-Berne,2557,Farmsen-Berne,65.12,23,4,351.0,35.1,47.8,21.8,30.9,12.85,9.9,7.8,6.3,5.0,1.7,4.2,3.6
Finkenwerder,partially-sourced,rentPerSqm,Statistikamt Stadtteilprofile row,,,10.37,Finkenwerder,673,Finkenwerder,,,,,,,,,10.37,7.5,6.4,8.7,6.9,7.3,8.2,6.1
Francop,sourced,population|populationDensity|safetyScore|quietnessScore|greenScore|publicTransportScore|schoolScore|kindergartenScore|nightlifeScore|rentPerSqm,,749,85,10.37,Francop,21,Francop,28.037,0,0,538.0,45.3,44.5,19.5,67.1,10.37,10.0,10.0,8.7,2.1,1.0,1.0,2.5
Fuhlsbüttel,sourced,population|populationDensity|safetyScore|quietnessScore|greenScore|publicTransportScore|schoolScore|kindergartenScore|nightlifeScore|rentPerSqm,,13984,1793,13.76,Fuhlsbüttel,4311,Fuhlsbüttel,308.281,9,3,340.0,38.9,56.4,16.0,20.8,13.76,9.1,9.2,7.0,4.7,2.7,5.0,3.9
Groß Borstel,sourced,population|populationDensity|safetyScore|quietnessScore|greenScore|publicTransportScore|schoolScore|kindergartenScore|nightlifeScore|rentPerSqm,,10939,2735,15.43,Groß Borstel,812,Groß Borstel,74.23,9,1,336.0,37.2,52.6,20.1,29.9,15.43,9.8,8.8,6.9,4.9,1.7,5.6,3.6
Groß Flottbek,sourced,population|populationDensity|safetyScore|quietnessScore|greenScore|publicTransportScore|schoolScore|kindergartenScore|nightlifeScore|rentPerSqm,,11319,4716,16.91,Groß Flottbek,423,Groß Flottbek,37.371,9,1,414.0,53.3,44.8,24.0,38.8,16.91,9.9,7.8,7.5,4.3,1.6,5.2,3.2
Gut Moor,partially-sourced,rentPerSqm,Statistikamt Stadtteilprofile row,,,12.66,Gut Moor,9,Gut Moor,,,,,,,,,12.66,5.4,6.8,6.7,6.4,6.6,7.4,5.4
HafenCity,sourced,population|populationDensity|safetyScore|quietnessScore|greenScore|publicTransportScore|schoolScore|kindergartenScore|nightlifeScore|rentPerSqm,,8062,3359,16.64,HafenCity,1315,HafenCity,163.111,5,2,239.0,46.4,37.0,26.9,0.6,16.64,9.6,8.5,6.6,6.1,2.6,4.2,2.2
Hamburg-Altstadt,sourced,population|populationDensity|safetyScore|quietnessScore|greenScore|publicTransportScore|schoolScore|kindergartenScore|nightlifeScore|rentPerSqm,,2549,1961,18.78,Hamburg-Altstadt,7737,Altstadt,3035.308,2,0,231.0,49.9,63.2,11.4,2.1,18.78,1.0,9.1,7.2,6.0,1.0,8.0,4.7
Hamm,sourced,population|populationDensity|safetyScore|quietnessScore|greenScore|publicTransportScore|schoolScore|kindergartenScore|nightlifeScore|rentPerSqm,,38871,9967,14.77,"Average of Hamm-Mitte, Hamm-Nord, Hamm-Süd",3107,Hamm,79.931,16,2,250.0,36.0,68.8,11.1,0.8,14.77,9.8,5.4,4.5,7.0,1.6,4.7,6.7
Hammerbrook,sourced,population|populationDensity|safetyScore|quietnessScore|greenScore|publicTransportScore|schoolScore|kindergartenScore|nightlifeScore|rentPerSqm,,6943,2777,16.68,Hammerbrook,3006,Hammerbrook,432.954,6,0,128.0,29.7,57.0,11.7,1.1,16.68,8.8,8.7,5.9,7.3,1.0,7.6,4.5
Harburg,sourced,population|populationDensity|safetyScore|quietnessScore|greenScore|publicTransportScore|schoolScore|kindergartenScore|nightlifeScore|rentPerSqm,,29237,7309,11.93,Harburg,8327,Harburg,284.81,16,2,186.0,29.2,61.8,15.6,1.8,11.93,9.2,6.6,4.8,7.4,1.6,4.7,5.4
Harvestehude,sourced,population|populationDensity|safetyScore|quietnessScore|greenScore|publicTransportScore|schoolScore|kindergartenScore|nightlifeScore|rentPerSqm,,17962,8553,19.97,Harvestehude,1438,Harvestehude,80.058,15,0,368.0,54.3,59.8,14.6,6.3,19.97,9.8,6.1,6.0,5.5,1.0,7.0,5.6
Hausbruch,sourced,population|populationDensity|safetyScore|quietnessScore|greenScore|publicTransportScore|schoolScore|kindergartenScore|nightlifeScore|rentPerSqm,,16919,1726,11.8,Hausbruch,1006,Hausbruch,59.46,9,1,366.0,37.5,41.2,22.7,36.6,11.8,9.9,9.2,7.3,4.4,1.4,4.0,2.4
Heimfeld,sourced,population|populationDensity|safetyScore|quietnessScore|greenScore|publicTransportScore|schoolScore|kindergartenScore|nightlifeScore|rentPerSqm,,22995,1769,11.93,Heimfeld,1817,Heimfeld,79.017,9,2,282.0,34.2,55.9,18.8,14.3,11.93,9.8,9.2,6.6,5.3,1.7,3.3,3.7
Hoheluft-Ost,sourced,population|populationDensity|safetyScore|quietnessScore|greenScore|publicTransportScore|schoolScore|kindergartenScore|nightlifeScore|rentPerSqm,,9853,16422,18.65,Hoheluft-Ost,628,Hoheluft-Ost,63.737,6,1,300.0,43.9,63.9,13.4,1.5,18.65,9.9,2.4,3.5,7.5,2.1,6.0,7.6
Hoheluft-West,sourced,population|populationDensity|safetyScore|quietnessScore|greenScore|publicTransportScore|schoolScore|kindergartenScore|nightlifeScore|rentPerSqm,,13641,19487,18.41,Hoheluft-West,719,Hoheluft-West,52.709,8,1,250.0,39.6,67.0,12.5,1.3,18.41,9.9,1.0,2.5,8.6,1.8,6.0,8.5
Hohenfelde,sourced,population|populationDensity|safetyScore|quietnessScore|greenScore|publicTransportScore|schoolScore|kindergartenScore|nightlifeScore|rentPerSqm,,10097,8414,17.39,Hohenfelde,1334,Hohenfelde,132.118,3,0,256.0,39.5,67.1,11.1,3.0,17.39,9.7,6.1,5.1,6.7,1.0,3.5,6.3
Horn,sourced,population|populationDensity|safetyScore|quietnessScore|greenScore|publicTransportScore|schoolScore|kindergartenScore|nightlifeScore|rentPerSqm,,39186,6642,11.78,Horn,2967,Horn,75.716,14,5,255.0,31.7,60.0,16.1,4.3,11.78,9.8,6.9,5.1,6.5,2.1,3.3,5.1
Hummelsbüttel,sourced,population|populationDensity|safetyScore|quietnessScore|greenScore|publicTransportScore|schoolScore|kindergartenScore|nightlifeScore|rentPerSqm,,18731,2058,13.27,Hummelsbüttel,825,Hummelsbüttel,44.045,11,1,393.0,41.2,43.6,21.2,26.2,13.27,9.9,9.1,7.2,4.1,1.4,4.4,2.8
Iserbrook,sourced,population|populationDensity|safetyScore|quietnessScore|greenScore|publicTransportScore|schoolScore|kindergartenScore|nightlifeScore|rentPerSqm,,11523,4268,14.42,Iserbrook,407,Iserbrook,35.321,8,3,391.0,42.0,47.9,21.2,41.3,14.42,10.0,8.0,7.0,4.5,3.0,5.1,3.5
Jenfeld,sourced,population|populationDensity|safetyScore|quietnessScore|greenScore|publicTransportScore|schoolScore|kindergartenScore|nightlifeScore|rentPerSqm,,29391,5878,14.24,Jenfeld,1992,Jenfeld,67.776,18,4,287.0,31.3,48.3,22.1,18.0,14.24,9.9,7.3,5.6,6.0,1.9,4.2,3.8
Kirchwerder,sourced,population|populationDensity|safetyScore|quietnessScore|greenScore|publicTransportScore|schoolScore|kindergartenScore|nightlifeScore|rentPerSqm,,10398,322,12.38,Kirchwerder,222,Kirchwerder,21.35,9,3,553.0,47.4,36.7,22.9,68.1,12.38,10.0,9.9,8.8,2.0,3.2,6.0,1.9
Kleiner Grasbrook,partially-sourced,rentPerSqm,Statistikamt Stadtteilprofile row,,,16.64,Kleiner Grasbrook,214,Kleiner Grasbrook,,,,,,,,,16.64,5.5,7.8,6.3,5.4,5.4,6,3.6
Langenbek,sourced,population|populationDensity|safetyScore|quietnessScore|greenScore|publicTransportScore|schoolScore|kindergartenScore|nightlifeScore|rentPerSqm,,4075,5094,11.93,Langenbek,240,Langenbek,58.896,1,0,442.0,40.3,42.5,20.7,59.1,11.93,9.9,7.7,7.1,4.0,1.0,2.5,3.4
Langenhorn,sourced,population|populationDensity|safetyScore|quietnessScore|greenScore|publicTransportScore|schoolScore|kindergartenScore|nightlifeScore|rentPerSqm,,48901,3649,12.78,Langenhorn,3339,Langenhorn,68.281,29,5,356.0,36.2,49.2,20.7,36.4,12.78,9.9,8.3,6.7,4.8,1.8,4.4,3.5
Lemsahl-Mellingstedt,sourced,population|populationDensity|safetyScore|quietnessScore|greenScore|publicTransportScore|schoolScore|kindergartenScore|nightlifeScore|rentPerSqm,,7031,879,13.29,Lemsahl-Mellingstedt,206,Lemsahl-Mellingstedt,29.299,6,1,573.0,58.5,30.1,27.2,86.4,13.29,10.0,9.6,9.6,1.8,1.9,5.3,1.2
Lohbrügge,sourced,population|populationDensity|safetyScore|quietnessScore|greenScore|publicTransportScore|schoolScore|kindergartenScore|nightlifeScore|rentPerSqm,,41400,3185,11.41,Lohbrügge,2518,Lohbrügge,60.821,16,4,367.0,37.6,50.2,18.7,21.1,11.41,9.9,8.5,6.6,4.6,1.8,3.4,3.6
Lokstedt,sourced,population|populationDensity|safetyScore|quietnessScore|greenScore|publicTransportScore|schoolScore|kindergartenScore|nightlifeScore|rentPerSqm,,31666,6462,17.8,Lokstedt,1532,Lokstedt,48.38,27,3,303.0,37.8,54.5,19.7,13.6,17.8,9.9,7.0,5.7,5.9,1.7,6.1,4.5
Lurup,sourced,population|populationDensity|safetyScore|quietnessScore|greenScore|publicTransportScore|schoolScore|kindergartenScore|nightlifeScore|rentPerSqm,,37755,5993,13.77,Lurup,2227,Lurup,58.986,21,4,321.0,34.8,46.9,23.2,31.0,13.77,9.9,7.2,6.0,5.6,1.7,3.9,3.7
Marienthal,sourced,population|populationDensity|safetyScore|quietnessScore|greenScore|publicTransportScore|schoolScore|kindergartenScore|nightlifeScore|rentPerSqm,,13779,4306,15.47,Marienthal,1617,Marienthal,117.352,9,1,384.0,46.5,52.9,17.9,22.6,15.47,9.7,8.0,6.9,4.6,1.6,5.3,4.1
Marmstorf,sourced,population|populationDensity|safetyScore|quietnessScore|greenScore|publicTransportScore|schoolScore|kindergartenScore|nightlifeScore|rentPerSqm,,9290,1602,11.19,Marmstorf,381,Marmstorf,41.012,4,2,426.0,43.0,44.9,19.6,47.9,11.19,9.9,9.3,7.8,3.7,2.7,3.6,2.9
Moorburg,partially-sourced,rentPerSqm,Statistikamt Stadtteilprofile row,,,11.52,Moorburg,55,Moorburg,,,,,,,,,11.52,5.2,7.8,8.2,5.6,5.4,6.9,5.3
Moorfleet,sourced,population|populationDensity|safetyScore|quietnessScore|greenScore|publicTransportScore|schoolScore|kindergartenScore|nightlifeScore|rentPerSqm,,1203,273,11.45,Moorfleet,260,Moorfleet,216.126,0,0,524.0,42.7,45.2,15.2,69.3,11.45,9.4,9.9,8.6,2.3,1.0,1.0,2.9
Neuallermöhe,partially-sourced,population|populationDensity|safetyScore|quietnessScore|greenScore|publicTransportScore|schoolScore|kindergartenScore|nightlifeScore,Miet-Check rent row,23233,5532,,,1243,Neuallermöhe,53.501,11,3,334.0,32.5,34.6,28.2,26.4,15.7,9.9,7.5,5.9,5.4,1.8,3.3,2.4
Neuenfelde,sourced,population|populationDensity|safetyScore|quietnessScore|greenScore|publicTransportScore|schoolScore|kindergartenScore|nightlifeScore|rentPerSqm,,5314,339,10.37,Neuenfelde,202,Neuenfelde,38.013,3,1,398.0,35.1,44.5,25.0,58.5,10.37,9.9,9.9,7.9,3.8,2.1,3.5,2.2
Neuengamme,sourced,population|populationDensity|safetyScore|quietnessScore|greenScore|publicTransportScore|schoolScore|kindergartenScore|nightlifeScore|rentPerSqm,,3731,201,12.06,Neuengamme,76,Neuengamme,20.37,2,0,569.0,49.0,38.1,22.1,70.5,12.06,10.0,9.9,8.9,1.8,1.0,4.2,2.0
Neugraben-Fischbek,sourced,population|populationDensity|safetyScore|quietnessScore|greenScore|publicTransportScore|schoolScore|kindergartenScore|nightlifeScore|rentPerSqm,,35295,1569,11.59,Neugraben-Fischbek,2533,Neugraben-Fischbek,71.767,22,5,351.0,37.5,40.3,26.1,38.7,11.59,9.8,9.3,7.3,4.5,1.9,4.0,2.1
Neuland,partially-sourced,rentPerSqm,Statistikamt Stadtteilprofile row,,,12.66,Neuland,203,Neuland,,,,,,,,,12.66,6.1,7.5,6.6,8,5.9,6.7,3.3
Neustadt,sourced,population|populationDensity|safetyScore|quietnessScore|greenScore|publicTransportScore|schoolScore|kindergartenScore|nightlifeScore|rentPerSqm,,12710,5526,20.41,Neustadt,4256,Neustadt,334.854,10,1,229.0,39.3,69.6,10.9,1.2,20.41,9.1,7.5,5.7,6.6,2.0,8.5,5.9
Neuwerk,placeholder,,Statistikamt Stadtteilprofile row|Miet-Check rent row,,,,,1,Insel Neuwerk,,,,,,,,,15.1,6.5,6.3,8.1,7.6,6.4,6.3,3.2
Niendorf,sourced,population|populationDensity|safetyScore|quietnessScore|greenScore|publicTransportScore|schoolScore|kindergartenScore|nightlifeScore|rentPerSqm,,42496,3427,14.6,Niendorf,2619,Niendorf,61.629,20,5,398.0,43.4,50.3,18.2,34.5,14.6,9.9,8.4,7.1,4.3,2.0,4.1,3.7
Nienstedten,sourced,population|populationDensity|safetyScore|quietnessScore|greenScore|publicTransportScore|schoolScore|kindergartenScore|nightlifeScore|rentPerSqm,,7062,1605,16.31,Nienstedten,303,Nienstedten,42.906,7,1,502.0,59.0,45.8,20.8,52.0,16.31,9.9,9.3,8.8,2.8,2.1,6.8,2.8
Ochsenwerder,sourced,population|populationDensity|safetyScore|quietnessScore|greenScore|publicTransportScore|schoolScore|kindergartenScore|nightlifeScore|rentPerSqm,,3015,214,12.38,Ochsenwerder,76,Ochsenwerder,25.207,2,1,570.0,47.7,36.4,25.1,65.8,12.38,10.0,9.9,8.8,1.8,3.2,4.4,1.7
Ohlsdorf,sourced,population|populationDensity|safetyScore|quietnessScore|greenScore|publicTransportScore|schoolScore|kindergartenScore|nightlifeScore|rentPerSqm,,17813,2474,13.48,Ohlsdorf,1209,Ohlsdorf,67.872,12,2,315.0,38.2,55.6,18.8,19.2,13.48,9.9,8.9,6.8,5.1,1.9,5.2,3.8
Osdorf,sourced,population|populationDensity|safetyScore|quietnessScore|greenScore|publicTransportScore|schoolScore|kindergartenScore|nightlifeScore|rentPerSqm,,26601,3644,15.32,Osdorf,1857,Osdorf,69.809,17,4,349.0,40.1,48.3,22.2,27.1,15.32,9.9,8.3,6.8,4.9,2.0,4.4,3.3
Othmarschen,sourced,population|populationDensity|safetyScore|quietnessScore|greenScore|publicTransportScore|schoolScore|kindergartenScore|nightlifeScore|rentPerSqm,,16528,2801,16.77,Othmarschen,1093,Othmarschen,66.13,11,4,415.0,52.0,43.5,24.3,30.8,16.77,9.9,8.7,7.7,4.0,2.6,4.5,2.7
Ottensen,sourced,population|populationDensity|safetyScore|quietnessScore|greenScore|publicTransportScore|schoolScore|kindergartenScore|nightlifeScore|rentPerSqm,,35925,12830,17.92,Ottensen,2994,Ottensen,83.34,35,2,257.0,39.8,62.1,15.8,2.5,17.92,9.8,4.1,4.1,7.4,1.5,8.0,6.6
Poppenbüttel,sourced,population|populationDensity|safetyScore|quietnessScore|greenScore|publicTransportScore|schoolScore|kindergartenScore|nightlifeScore|rentPerSqm,,24598,3037,13.91,Poppenbüttel,1487,Poppenbüttel,60.452,12,3,444.0,47.8,42.9,20.6,51.2,13.91,9.9,8.6,7.8,3.7,2.0,4.0,3.0
Rahlstedt,sourced,population|populationDensity|safetyScore|quietnessScore|greenScore|publicTransportScore|schoolScore|kindergartenScore|nightlifeScore|rentPerSqm,,95836,3603,12.73,Rahlstedt,6526,Rahlstedt,68.095,40,12,379.0,38.6,47.4,20.8,27.2,12.73,9.9,8.4,6.7,4.5,1.9,3.4,3.4
Reitbrook,sourced,population|populationDensity|safetyScore|quietnessScore|greenScore|publicTransportScore|schoolScore|kindergartenScore|nightlifeScore|rentPerSqm,,497,72,12.38,Reitbrook,10,Reitbrook,20.121,0,0,634.0,56.6,41.4,16.9,68.9,12.38,10.0,10.0,9.4,1.0,1.0,1.0,2.5
Rissen,sourced,population|populationDensity|safetyScore|quietnessScore|greenScore|publicTransportScore|schoolScore|kindergartenScore|nightlifeScore|rentPerSqm,,16429,984,15.38,Rissen,773,Rissen,47.051,9,2,425.0,49.7,46.4,21.1,43.7,15.38,9.9,9.6,8.2,3.6,1.9,4.0,2.7
Rönneburg,sourced,population|populationDensity|safetyScore|quietnessScore|greenScore|publicTransportScore|schoolScore|kindergartenScore|nightlifeScore|rentPerSqm,,3243,1474,11.93,Rönneburg,149,Rönneburg,45.945,1,1,468.0,42.0,42.4,22.1,52.7,11.93,9.9,9.3,7.9,3.2,3.2,2.7,2.5
Rothenburgsort,sourced,population|populationDensity|safetyScore|quietnessScore|greenScore|publicTransportScore|schoolScore|kindergartenScore|nightlifeScore|rentPerSqm,,11236,1561,12.08,Rothenburgsort,1351,Rothenburgsort,120.239,4,1,213.0,27.1,56.1,18.1,1.8,12.08,9.7,9.3,6.0,6.1,1.7,3.1,3.7
Rotherbaum,sourced,population|populationDensity|safetyScore|quietnessScore|greenScore|publicTransportScore|schoolScore|kindergartenScore|nightlifeScore|rentPerSqm,,17253,6390,20.71,Rotherbaum,1713,Rotherbaum,99.287,16,1,308.0,50.3,64.3,13.1,3.7,20.71,9.8,7.1,6.2,5.8,1.6,8.6,5.6
Sasel,sourced,population|populationDensity|safetyScore|quietnessScore|greenScore|publicTransportScore|schoolScore|kindergartenScore|nightlifeScore|rentPerSqm,,24287,2891,13.89,Sasel,708,Sasel,29.151,14,3,512.0,52.5,37.9,23.9,66.2,13.89,10.0,8.7,8.4,2.9,1.9,4.2,2.4
Schnelsen,sourced,population|populationDensity|safetyScore|quietnessScore|greenScore|publicTransportScore|schoolScore|kindergartenScore|nightlifeScore|rentPerSqm,,31323,3480,13.75,Schnelsen,1461,Schnelsen,46.643,29,4,394.0,39.9,44.5,22.6,36.8,13.75,9.9,8.4,7.0,4.3,1.9,6.1,3.0
Sinstorf,sourced,population|populationDensity|safetyScore|quietnessScore|greenScore|publicTransportScore|schoolScore|kindergartenScore|nightlifeScore|rentPerSqm,,4329,1732,11.93,Sinstorf,177,Sinstorf,40.887,2,1,392.0,35.5,41.0,25.0,54.5,11.93,9.9,9.2,7.5,4.1,2.3,3.1,2.3
Spadenland,sourced,population|populationDensity|safetyScore|quietnessScore|greenScore|publicTransportScore|schoolScore|kindergartenScore|nightlifeScore|rentPerSqm,,537,158,12.38,Spadenland,15,Spadenland,27.933,0,0,601.0,49.7,39.2,18.3,53.9,12.38,10.0,9.9,8.6,1.4,1.0,1.0,2.3
St. Georg,sourced,population|populationDensity|safetyScore|quietnessScore|greenScore|publicTransportScore|schoolScore|kindergartenScore|nightlifeScore|rentPerSqm,,12508,6949,18.2,St. Georg,30945,St. Georg,2474.017,9,1,190.0,38.6,67.6,9.9,1.5,18.2,2.7,6.8,5.4,7.3,2.0,8.0,6.1
St. Pauli,sourced,population|populationDensity|safetyScore|quietnessScore|greenScore|publicTransportScore|schoolScore|kindergartenScore|nightlifeScore|rentPerSqm,,22377,10171,19.69,St. Pauli,14982,St. Pauli,669.527,16,1,193.0,36.1,69.5,11.9,1.5,19.69,8.1,5.3,4.5,7.7,1.5,6.8,6.8
Steilshoop,sourced,population|populationDensity|safetyScore|quietnessScore|greenScore|publicTransportScore|schoolScore|kindergartenScore|nightlifeScore|rentPerSqm,,19902,7961,12.05,Steilshoop,1259,Steilshoop,63.26,11,3,280.0,33.7,49.0,21.6,3.7,12.05,9.9,6.3,4.9,6.4,2.0,3.8,4.3
Steinwerder,partially-sourced,rentPerSqm,Statistikamt Stadtteilprofile row,,,15.76,Steinwerder,106,Steinwerder,,,,,,,,,15.76,5.5,6.9,6.4,5.7,6.4,7.3,3.9
Stellingen,sourced,population|populationDensity|safetyScore|quietnessScore|greenScore|publicTransportScore|schoolScore|kindergartenScore|nightlifeScore|rentPerSqm,,28812,4723,17.07,Stellingen,2262,Stellingen,78.509,15,3,286.0,36.2,57.5,16.4,11.1,17.07,9.8,7.8,6.0,5.8,1.9,4.5,4.5
Sternschanze,sourced,population|populationDensity|safetyScore|quietnessScore|greenScore|publicTransportScore|schoolScore|kindergartenScore|nightlifeScore|rentPerSqm,,7669,15338,18.89,Sternschanze,1774,Sternschanze,231.321,4,1,186.0,38.6,69.2,13.1,1.0,18.89,9.4,2.9,3.4,8.7,2.4,5.2,7.7
Sülldorf,sourced,population|populationDensity|safetyScore|quietnessScore|greenScore|publicTransportScore|schoolScore|kindergartenScore|nightlifeScore|rentPerSqm,,9330,1637,15.6,Sülldorf,403,Sülldorf,43.194,3,1,392.0,41.9,47.6,20.7,49.6,15.6,9.9,9.3,7.8,4.1,1.8,2.8,3.0
Tatenberg,sourced,population|populationDensity|safetyScore|quietnessScore|greenScore|publicTransportScore|schoolScore|kindergartenScore|nightlifeScore|rentPerSqm,,560,181,12.38,Tatenberg,33,Tatenberg,58.929,0,0,584.0,49.0,36.5,21.9,78.3,12.38,9.9,9.9,9.1,1.6,1.0,1.0,1.9
Tonndorf,sourced,population|populationDensity|safetyScore|quietnessScore|greenScore|publicTransportScore|schoolScore|kindergartenScore|nightlifeScore|rentPerSqm,,15580,3995,13.67,Tonndorf,1169,Tonndorf,75.032,6,1,362.0,37.9,54.8,18.5,22.3,13.67,9.8,8.2,6.5,4.8,1.5,3.3,4.1
Uhlenhorst,sourced,population|populationDensity|safetyScore|quietnessScore|greenScore|publicTransportScore|schoolScore|kindergartenScore|nightlifeScore|rentPerSqm,,19251,8751,19.18,Uhlenhorst,1256,Uhlenhorst,65.243,11,1,327.0,46.8,62.1,13.5,3.2,19.18,9.9,6.0,5.4,6.0,1.5,5.6,5.9
Veddel,sourced,population|populationDensity|safetyScore|quietnessScore|greenScore|publicTransportScore|schoolScore|kindergartenScore|nightlifeScore|rentPerSqm,,4328,984,11.87,Veddel,676,Veddel,156.192,2,1,199.0,28.0,54.8,20.2,0.9,11.87,9.6,9.6,6.2,6.2,2.7,3.6,3.3
Volksdorf,sourced,population|populationDensity|safetyScore|quietnessScore|greenScore|publicTransportScore|schoolScore|kindergartenScore|nightlifeScore|rentPerSqm,,20608,1777,13.69,Volksdorf,1019,Volksdorf,49.447,14,4,455.0,51.4,40.5,21.8,55.5,13.69,9.9,9.2,8.4,3.4,2.4,4.8,2.5
Waltershof,partially-sourced,rentPerSqm,Statistikamt Stadtteilprofile row,,,10.37,Waltershof,106,Waltershof,,,,,,,,,10.37,6.1,5.8,7,6.7,6.3,7.3,3.7
Wandsbek,sourced,population|populationDensity|safetyScore|quietnessScore|greenScore|publicTransportScore|schoolScore|kindergartenScore|nightlifeScore|rentPerSqm,,38397,6508,14.23,Wandsbek,3924,Wandsbek,102.195,20,4,302.0,36.5,62.0,13.6,10.0,14.23,9.8,7.0,5.5,5.9,2.0,4.8,5.4
Wellingsbüttel,sourced,population|populationDensity|safetyScore|quietnessScore|greenScore|publicTransportScore|schoolScore|kindergartenScore|nightlifeScore|rentPerSqm,,11168,2724,14.36,Wellingsbüttel,402,Wellingsbüttel,35.996,8,1,499.0,57.4,41.5,22.4,50.4,14.36,10.0,8.8,8.4,3.0,1.7,5.1,2.7
Wilhelmsburg,sourced,population|populationDensity|safetyScore|quietnessScore|greenScore|publicTransportScore|schoolScore|kindergartenScore|nightlifeScore|rentPerSqm,,54073,1528,11.35,Wilhelmsburg,5211,Wilhelmsburg,96.37,25,7,260.0,29.7,51.3,21.5,13.8,11.35,9.8,9.3,6.4,5.6,1.9,3.4,3.1
Wilstorf,sourced,population|populationDensity|safetyScore|quietnessScore|greenScore|publicTransportScore|schoolScore|kindergartenScore|nightlifeScore|rentPerSqm,,17930,5274,11.87,Wilstorf,1216,Wilstorf,67.819,11,1,310.0,33.4,55.1,19.2,15.6,11.87,9.9,7.6,5.8,5.6,1.4,4.5,4.3
Winterhude,sourced,population|populationDensity|safetyScore|quietnessScore|greenScore|publicTransportScore|schoolScore|kindergartenScore|nightlifeScore|rentPerSqm,,61192,8052,17.7,Winterhude,3915,Winterhude,63.979,44,5,287.0,41.2,64.0,13.6,2.5,17.7,9.9,6.3,5.3,6.3,1.8,6.4,5.9
Wohldorf-Ohlstedt,sourced,population|populationDensity|safetyScore|quietnessScore|greenScore|publicTransportScore|schoolScore|kindergartenScore|nightlifeScore|rentPerSqm,,4839,280,13.53,Wohldorf-Ohlstedt,177,Wohldorf-Ohlstedt,36.578,4,1,554.0,61.7,34.0,26.7,79.4,13.53,10.0,9.9,9.8,2.0,2.3,5.2,1.4
