district_name,rent_eur_per_sqm,source_url,accessed_date
Alsterdorf,15.68,https://www.miet-check.de/stadtteile_uebersicht.php?stadt=Hamburg,2026-05-24
Altengamme,12.47,https://www.miet-check.de/stadtteile_uebersicht.php?stadt=Hamburg,2026-05-24
Altenwerder,10.37,https://www.miet-check.de/stadtteile_uebersicht.php?stadt=Hamburg,2026-05-24
Altona-Altstadt,18.33,https://www.miet-check.de/stadtteile_uebersicht.php?stadt=Hamburg,2026-05-24
Altona-Nord,17.78,https://www.miet-check.de/stadtteile_uebersicht.php?stadt=Hamburg,2026-05-24
Bahrenfeld,15.69,https://www.miet-check.de/stadtteile_uebersicht.php?stadt=Hamburg,2026-05-24
Barmbek-Nord,15.27,https://www.miet-check.de/stadtteile_uebersicht.php?stadt=Hamburg,2026-05-24
Barmbek-Süd,18.66,https://www.miet-check.de/stadtteile_uebersicht.php?stadt=Hamburg,2026-05-24
Bergedorf,12.33,https://www.miet-check.de/stadtteile_uebersicht.php?stadt=Hamburg,2026-05-24
Bergstedt,13.70,https://www.miet-check.de/stadtteile_uebersicht.php?stadt=Hamburg,2026-05-24
Billbrook,11.45,https://www.miet-check.de/stadtteile_uebersicht.php?stadt=Hamburg,2026-05-24
Billstedt,11.51,https://www.miet-check.de/stadtteile_uebersicht.php?stadt=Hamburg,2026-05-24
Billwerder,12.16,https://www.miet-check.de/stadtteile_uebersicht.php?stadt=Hamburg,2026-05-24
Blankenese,15.60,https://www.miet-check.de/stadtteile_uebersicht.php?stadt=Hamburg,2026-05-24
Borgfelde,13.99,https://www.miet-check.de/stadtteile_uebersicht.php?stadt=Hamburg,2026-05-24
Bramfeld,13.13,https://www.miet-check.de/stadtteile_uebersicht.php?stadt=Hamburg,2026-05-24
Cranz,10.37,https://www.miet-check.de/stadtteile_uebersicht.php?stadt=Hamburg,2026-05-24
Curslack,12.44,https://www.miet-check.de/stadtteile_uebersicht.php?stadt=Hamburg,2026-05-24
Dulsberg,12.71,https://www.miet-check.de/stadtteile_uebersicht.php?stadt=Hamburg,2026-05-24
Duvenstedt,13.35,https://www.miet-check.de/stadtteile_uebersicht.php?stadt=Hamburg,2026-05-24
Eidelstedt,13.95,https://www.miet-check.de/stadtteile_uebersicht.php?stadt=Hamburg,2026-05-24
Eilbek,17.39,https://www.miet-check.de/stadtteile_uebersicht.php?stadt=Hamburg,2026-05-24
Eimsbüttel,17.79,https://www.miet-check.de/stadtteile_uebersicht.php?stadt=Hamburg,2026-05-24
Eißendorf,11.44,https://www.miet-check.de/stadtteile_uebersicht.php?stadt=Hamburg,2026-05-24
Eppendorf,17.90,https://www.miet-check.de/stadtteile_uebersicht.php?stadt=Hamburg,2026-05-24
Farmsen-Berne,12.85,https://www.miet-check.de/stadtteile_uebersicht.php?stadt=Hamburg,2026-05-24
Finkenwerder,10.37,https://www.miet-check.de/stadtteile_uebersicht.php?stadt=Hamburg,2026-05-24
Francop,10.37,https://www.miet-check.de/stadtteile_uebersicht.php?stadt=Hamburg,2026-05-24
Fuhlsbüttel,13.76,https://www.miet-check.de/stadtteile_uebersicht.php?stadt=Hamburg,2026-05-24
Gem Jork,10.37,https://www.miet-check.de/stadtteile_uebersicht.php?stadt=Hamburg,2026-05-24
Groß Borstel,15.43,https://www.miet-check.de/stadtteile_uebersicht.php?stadt=Hamburg,2026-05-24
Groß Flottbek,16.91,https://www.miet-check.de/stadtteile_uebersicht.php?stadt=Hamburg,2026-05-24
Gut Moor,12.66,https://www.miet-check.de/stadtteile_uebersicht.php?stadt=Hamburg,2026-05-24
HafenCity,16.64,https://www.miet-check.de/stadtteile_uebersicht.php?stadt=Hamburg,2026-05-24
Hamburg-Altstadt,18.78,https://www.miet-check.de/stadtteile_uebersicht.php?stadt=Hamburg,2026-05-24
Hamm-Mitte,14.03,https://www.miet-check.de/stadtteile_uebersicht.php?stadt=Hamburg,2026-05-24
Hamm-Nord,16.24,https://www.miet-check.de/stadtteile_uebersicht.php?stadt=Hamburg,2026-05-24
Hamm-Süd,14.03,https://www.miet-check.de/stadtteile_uebersicht.php?stadt=Hamburg,2026-05-24
Hammerbrook,16.68,https://www.miet-check.de/stadtteile_uebersicht.php?stadt=Hamburg,2026-05-24
Harburg,11.93,https://www.miet-check.de/stadtteile_uebersicht.php?stadt=Hamburg,2026-05-24
Harvestehude,19.97,https://www.miet-check.de/stadtteile_uebersicht.php?stadt=Hamburg,2026-05-24
Hausbruch,11.80,https://www.miet-check.de/stadtteile_uebersicht.php?stadt=Hamburg,2026-05-24
Heimfeld,11.93,https://www.miet-check.de/stadtteile_uebersicht.php?stadt=Hamburg,2026-05-24
Hoheluft-Ost,18.65,https://www.miet-check.de/stadtteile_uebersicht.php?stadt=Hamburg,2026-05-24
Hoheluft-West,18.41,https://www.miet-check.de/stadtteile_uebersicht.php?stadt=Hamburg,2026-05-24
Hohenfelde,17.39,https://www.miet-check.de/stadtteile_uebersicht.php?stadt=Hamburg,2026-05-24
Horn,11.78,https://www.miet-check.de/stadtteile_uebersicht.php?stadt=Hamburg,2026-05-24
Hummelsbüttel,13.27,https://www.miet-check.de/stadtteile_uebersicht.php?stadt=Hamburg,2026-05-24
Iserbrook,14.42,https://www.miet-check.de/stadtteile_uebersicht.php?stadt=Hamburg,2026-05-24
Jenfeld,14.24,https://www.miet-check.de/stadtteile_uebersicht.php?stadt=Hamburg,2026-05-24
Kirchwerder,12.38,https://www.miet-check.de/stadtteile_uebersicht.php?stadt=Hamburg,2026-05-24
Kleiner Grasbrook,16.64,https://www.miet-check.de/stadtteile_uebersicht.php?stadt=Hamburg,2026-05-24
Kleingartenanlage,13.74,https://www.miet-check.de/stadtteile_uebersicht.php?stadt=Hamburg,2026-05-24
Langenbek,11.93,https://www.miet-check.de/stadtteile_uebersicht.php?stadt=Hamburg,2026-05-24
Langenhorn,12.78,https://www.miet-check.de/stadtteile_uebersicht.php?stadt=Hamburg,2026-05-24
Lemsahl-Mellingstedt,13.29,https://www.miet-check.de/stadtteile_uebersicht.php?stadt=Hamburg,2026-05-24
Lohbrügge,11.41,https://www.miet-check.de/stadtteile_uebersicht.php?stadt=Hamburg,2026-05-24
Lokstedt,17.80,https://www.miet-check.de/stadtteile_uebersicht.php?stadt=Hamburg,2026-05-24
Lurup,13.77,https://www.miet-check.de/stadtteile_uebersicht.php?stadt=Hamburg,2026-05-24
Marienthal,15.47,https://www.miet-check.de/stadtteile_uebersicht.php?stadt=Hamburg,2026-05-24
Marmstorf,11.19,https://www.miet-check.de/stadtteile_uebersicht.php?stadt=Hamburg,2026-05-24
Moorburg,11.52,https://www.miet-check.de/stadtteile_uebersicht.php?stadt=Hamburg,2026-05-24
Moorfleet,11.45,https://www.miet-check.de/stadtteile_uebersicht.php?stadt=Hamburg,2026-05-24
Neuenfelde,10.37,https://www.miet-check.de/stadtteile_uebersicht.php?stadt=Hamburg,2026-05-24
Neuengamme,12.06,https://www.miet-check.de/stadtteile_uebersicht.php?stadt=Hamburg,2026-05-24
Neugraben-Fischbek,11.59,https://www.miet-check.de/stadtteile_uebersicht.php?stadt=Hamburg,2026-05-24
Neuland,12.66,https://www.miet-check.de/stadtteile_uebersicht.php?stadt=Hamburg,2026-05-24
Neustadt,20.41,https://www.miet-check.de/stadtteile_uebersicht.php?stadt=Hamburg,2026-05-24
Niendorf,14.60,https://www.miet-check.de/stadtteile_uebersicht.php?stadt=Hamburg,2026-05-24
Nienstedten,16.31,https://www.miet-check.de/stadtteile_uebersicht.php?stadt=Hamburg,2026-05-24
Ochsenwerder,12.38,https://www.miet-check.de/stadtteile_uebersicht.php?stadt=Hamburg,2026-05-24
Ohlsdorf,13.48,https://www.miet-check.de/stadtteile_uebersicht.php?stadt=Hamburg,2026-05-24
Osdorf,15.32,https://www.miet-check.de/stadtteile_uebersicht.php?stadt=Hamburg,2026-05-24
Othmarschen,16.77,https://www.miet-check.de/stadtteile_uebersicht.php?stadt=Hamburg,2026-05-24
Ottensen,17.92,https://www.miet-check.de/stadtteile_uebersicht.php?stadt=Hamburg,2026-05-24
Poppenbüttel,13.91,https://www.miet-check.de/stadtteile_uebersicht.php?stadt=Hamburg,2026-05-24
Rahlstedt,12.73,https://www.miet-check.de/stadtteile_uebersicht.php?stadt=Hamburg,2026-05-24
Reitbrook,12.38,https://www.miet-check.de/stadtteile_uebersicht.php?stadt=Hamburg,2026-05-24
Rissen,15.38,https://www.miet-check.de/stadtteile_uebersicht.php?stadt=Hamburg,2026-05-24
Rönneburg,11.93,https://www.miet-check.de/stadtteile_uebersicht.php?stadt=Hamburg,2026-05-24
Rothenburgsort,12.08,https://www.miet-check.de/stadtteile_uebersicht.php?stadt=Hamburg,2026-05-24
Rotherbaum,20.71,https://www.miet-check.de/stadtteile_uebersicht.php?stadt=Hamburg,2026-05-24
Sasel,13.89,https://www.miet-check.de/stadtteile_uebersicht.php?stadt=Hamburg,2026-05-24
Schnelsen,13.75,https://www.miet-check.de/stadtteile_uebersicht.php?stadt=Hamburg,2026-05-24
Sinstorf,11.93,https://www.miet-check.de/stadtteile_uebersicht.php?stadt=Hamburg,2026-05-24
Spadenland,12.38,https://www.miet-check.de/stadtteile_uebersicht.php?stadt=Hamburg,2026-05-24
St. Georg,18.20,https://www.miet-check.de/stadtteile_uebersicht.php?stadt=Hamburg,2026-05-24
St. Pauli,19.69,https://www.miet-check.de/stadtteile_uebersicht.php?stadt=Hamburg,2026-05-24
Steilshoop,12.05,https://www.miet-check.de/stadtteile_uebersicht.php?stadt=Hamburg,2026-05-24
Steinwerder,15.76,https://www.miet-check.de/stadtteile_uebersicht.php?stadt=Hamburg,2026-05-24
Stellingen,17.07,https://www.miet-check.de/stadtteile_uebersicht.php?stadt=Hamburg,2026-05-24
Sternschanze,18.89,https://www.miet-check.de/stadtteile_uebersicht.php?stadt=Hamburg,2026-05-24
Sülldorf,15.60,https://www.miet-check.de/stadtteile_uebersicht.php?stadt=Hamburg,2026-05-24
Tatenberg,12.38,https://www.miet-check.de/stadtteile_uebersicht.php?stadt=Hamburg,2026-05-24
Tonndorf,13.67,https://www.miet-check.de/stadtteile_uebersicht.php?stadt=Hamburg,2026-05-24
Uhlenhorst,19.18,https://www.miet-check.de/stadtteile_uebersicht.php?stadt=Hamburg,2026-05-24
Veddel,11.87,https://www.miet-check.de/stadtteile_uebersicht.php?stadt=Hamburg,2026-05-24
Volksdorf,13.69,https://www.miet-check.de/stadtteile_uebersicht.php?stadt=Hamburg,2026-05-24
Waltershof,10.37,https://www.miet-check.de/stadtteile_uebersicht.php?stadt=Hamburg,2026-05-24
Wandsbek,14.23,https://www.miet-check.de/stadtteile_uebersicht.php?stadt=Hamburg,2026-05-24
Wellingsbüttel,14.36,https://www.miet-check.de/stadtteile_uebersicht.php?stadt=Hamburg,2026-05-24
Wilhelmsburg,11.35,https://www.miet-check.de/stadtteile_uebersicht.php?stadt=Hamburg,2026-05-24
Wilstorf,11.87,https://www.miet-check.de/stadtteile_uebersicht.php?stadt=Hamburg,2026-05-24
Winterhude,17.70,https://www.miet-check.de/stadtteile_uebersicht.php?stadt=Hamburg,2026-05-24
Wohldorf-Ohlstedt,13.53,https://www.miet-check.de/stadtteile_uebersicht.php?stadt=Hamburg,2026-05-24
